R1,R2,R3,R4,R5,R6
3,4,14,24,38,42
4,31,42,45,49,50
12,27,32,35,44,51
1,25,39,43,49,56
5,18,20,22,43,56
20,26,32,33,48,55
6,25,36,49,54,55
6,8,10,23,33,35
6,18,34,37,48,52
4,8,36,40,45,50
11,30,43,44,50,56
21,28,39,41,42,49
11,19,23,28,39,50
8,16,33,37,44,52
3,15,19,24,40,54
18,26,31,38,50,55
3,6,17,31,38,52
9,25,30,34,43,54
1,15,23,26,43,54
21,27,36,41,47,53
1,7,9,23,51,55
5,12,31,41,43,54
18,22,28,29,39,55
10,18,24,34,47,48
17,21,24,25,33,48
6,9,28,29,33,54
14,18,19,22,32,50
5,20,24,29,32,34
1,13,24,25,41,49
9,23,31,33,54,56
6,14,15,23,39,40
17,35,38,40,44,52
5,14,21,45,50,55
1,20,30,42,45,50
3,4,18,19,40,45
15,23,30,36,40,42
7,17,32,35,46,56
7,13,21,22,28,30
1,7,22,34,36,41
9,15,17,20,22,26
7,19,23,30,41,51
2,25,26,38,50,54
3,5,16,17,35,44
1,22,29,31,49,51
23,27,35,53,54,55
2,16,30,48,49,54
2,3,8,14,29,33
4,8,22,26,43,45
2,10,22,29,31,49
5,30,40,43,50,55
6,11,30,35,47,52
4,5,12,43,50,54
5,21,24,36,52,53
17,26,28,44,50,52
3,12,13,38,40,44
3,5,9,33,43,54
4,28,33,45,46,47
4,9,13,37,41,51
2,7,16,19,34,49
7,8,20,21,50,52
12,14,35,39,49,52
8,14,24,45,51,54
3,6,15,18,26,39
6,16,21,24,28,37
26,30,35,44,45,48
16,26,32,38,44,50
11,25,35,44,46,49
2,44,49,50,54,55
9,13,15,17,45,50
3,6,19,20,39,45
4,6,17,37,47,49
8,13,29,44,45,46
12,15,24,27,29,35
4,9,41,44,51,53
3,18,19,36,42,52
24,28,31,50,55,56
2,5,21,25,38,39
6,15,18,29,34,49
2,8,14,24,27,46
8,14,26,51,54,56
1,17,19,33,39,42
7,23,29,36,44,53
1,28,32,40,49,55
7,23,26,34,36,51
1,13,31,33,38,48
3,28,35,36,45,51
1,14,24,30,45,50
3,12,13,14,41,46
1,3,5,24,37,53
8,10,27,34,45,56
3,6,7,34,43,53
2,12,28,35,45,46
14,21,38,41,42,46
1,2,12,39,51,55
1,22,23,29,32,36
14,22,23,37,45,51
1,10,17,30,47,54
2,18,20,26,44,49
1,23,31,47,48,54
8,10,22,25,36,53
11,19,26,37,40,44
3,5,7,27,29,52
5,7,12,33,34,48
5,6,10,33,34,43
14,16,19,32,53,56
8,10,15,26,28,36
22,33,36,39,43,50
5,30,32,42,44,50
2,18,20,34,49,52
4,27,35,44,49,52
9,18,34,42,43,46
3,4,9,26,35,37
14,21,26,40,42,56
1,10,23,32,36,49
3,7,21,31,34,51
15,20,24,33,40,49
23,39,42,45,46,54
8,16,18,20,28,49
8,39,48,51,52,54
21,24,31,32,40,45
6,15,21,29,31,38
3,21,27,35,45,54
11,15,24,25,48,50
11,19,23,26,32,33
31,33,38,42,45,55
6,14,20,34,55,56
5,7,8,14,24,29
9,19,21,35,46,50
5,13,21,23,38,41
4,7,11,30,46,48
1,8,16,25,39,50
8,11,35,36,53,56
18,24,26,35,36,50
19,28,39,41,47,48
7,8,18,25,49,54
4,6,31,34,37,54
5,17,23,38,40,51
6,29,34,42,46,47
6,14,20,27,49,55
1,17,35,36,37,52
8,11,28,30,41,52
9,22,33,38,50,52
6,7,22,26,37,45
17,33,39,45,47,54
4,10,20,24,28,40
26,33,34,41,53,56
2,7,12,18,28,30
7,26,29,45,51,56
1,12,14,30,32,50
10,21,29,30,49,50
5,15,37,40,42,46
2,17,27,30,43,44
2,4,30,34,42,48
7,14,15,19,39,52
18,21,22,33,35,54
3,15,27,37,40,50
21,30,42,46,47,55
2,4,5,13,28,41
3,21,27,38,44,46
12,23,29,32,45,46
2,10,18,27,30,45
1,2,7,8,11,52
18,38,47,49,50,52
5,7,17,23,34,50
11,13,16,19,25,28
1,4,14,18,27,36
5,8,9,15,40,44
13,23,33,36,40,50
3,10,22,32,36,44
12,21,24,35,39,48
1,24,30,35,39,51
13,18,20,47,48,49
2,14,15,22,35,44
4,11,14,18,21,29
3,19,33,36,43,49
6,8,9,24,27,43
1,4,8,16,35,36
4,24,34,38,40,55
10,21,24,31,39,51
10,32,37,40,42,45
15,21,35,37,38,52
2,14,16,21,39,43
24,25,31,35,38,42
11,14,15,40,53,54
2,4,22,33,39,51
24,26,27,35,46,56
4,19,32,38,44,51
6,7,19,28,48,53
3,16,31,32,40,50
7,29,34,36,45,51
12,13,35,36,47,49
21,32,33,41,45,55
29,32,36,37,41,46
1,10,12,23,40,52
12,16,25,44,47,49
7,8,14,17,27,30
11,20,23,32,41,48
4,14,26,40,46,48
2,4,16,50,52,56
3,32,33,38,42,55
6,7,15,28,34,55
13,15,17,38,39,40
14,17,21,27,49,54
22,28,42,46,52,54
5,6,15,16,37,52
9,10,13,16,27,31
5,6,19,39,52,53
14,18,24,31,55,56
5,22,25,34,40,51
8,21,22,43,47,49
10,18,25,26,40,41
7,13,17,22,29,43
1,11,43,44,53,56
4,7,15,16,29,48
8,17,26,35,52,55
25,27,36,43,45,56
27,30,31,39,41,42
6,12,14,29,30,49
4,5,12,42,48,49
4,17,27,37,40,49
1,15,20,29,42,52
10,14,19,30,41,51
17,29,36,49,55,56
10,26,45,48,49,55
20,27,33,40,48,54
1,9,16,19,21,38
5,18,21,34,49,54
5,9,10,24,39,51
19,27,32,34,46,50
9,23,26,29,37,38
4,17,21,24,50,53
5,11,17,32,46,53
5,8,20,29,31,52
1,5,17,41,42,55
4,8,13,16,23,24
6,10,12,21,34,44
4,7,11,33,50,54
3,19,26,38,40,56
1,26,32,42,47,48
2,19,24,38,44,51
14,29,38,41,47,49
5,7,15,20,35,56
5,9,10,20,32,43
13,14,18,21,31,40
2,21,22,34,48,51
2,6,20,37,46,48
5,7,23,30,35,47
2,9,11,13,17,21
6,24,39,43,50,55
2,26,28,31,53,56
17,18,31,34,38,53
3,12,22,38,52,54
2,22,23,36,47,50
18,20,33,34,50,52
7,9,15,30,42,45
9,14,16,38,50,53
13,22,24,29,46,48
5,17,18,24,26,54
4,23,25,34,48,51
7,8,14,28,29,30
2,3,5,31,32,50
3,7,17,27,28,47
2,10,16,23,28,48
5,44,45,51,54,55
22,30,37,41,54,56
13,15,17,18,21,26
12,19,22,34,41,55
21,26,29,37,38,42
31,44,45,47,48,56
14,28,32,52,53,55
5,11,31,35,36,48
22,31,33,34,39,53
1,2,4,10,34,55
10,37,38,43,44,45
1,5,8,38,42,46
6,8,9,10,36,41
13,17,29,30,36,44
9,16,20,38,39,49
9,14,27,31,49,50
10,19,20,21,22,53
4,6,24,33,42,43
11,12,23,37,42,45
5,16,22,32,37,50
8,18,23,27,31,52
3,8,13,15,40,44
9,23,24,25,29,32
3,5,7,34,48,50
3,17,23,25,48,54
7,10,40,42,43,56
10,21,28,46,49,54
2,9,22,26,34,55
9,21,42,43,51,52
5,7,12,24,28,36
2,12,21,32,37,52
9,13,29,31,45,48
18,24,32,35,37,49
12,18,37,44,46,51
17,24,28,35,42,47
2,17,27,37,38,46
26,36,37,50,55,56
1,12,17,21,42,48
1,9,12,13,40,52
13,39,45,48,53,55
2,6,23,40,48,56
9,13,24,33,49,50
2,5,13,21,23,25
3,4,16,33,39,46
13,15,26,29,30,47
16,17,27,30,48,56
11,12,16,25,28,41
7,8,26,44,53,55
8,14,21,32,38,45
2,22,31,40,45,50
4,7,23,25,31,34
4,9,12,16,21,30
16,22,24,25,28,46
7,17,27,35,49,50
26,29,30,35,48,52
12,19,33,34,45,53
1,7,11,14,18,26
8,27,32,40,45,56
15,18,24,25,39,44
13,21,29,30,46,52
10,12,13,29,51,56
2,7,25,30,41,52
16,18,25,40,52,54
17,18,26,27,36,37
11,12,28,36,47,52
6,7,13,18,19,30
6,25,26,28,35,37
10,15,20,46,54,55
7,22,27,39,43,46
14,20,34,47,48,49
7,8,16,17,28,53
4,6,9,20,34,49
15,19,20,27,38,39
9,28,35,39,43,48
1,6,32,35,47,50
12,27,35,36,37,46
6,9,12,41,44,56
3,14,20,28,37,56
4,11,24,33,37,55
9,27,28,37,45,49
1,5,10,12,21,22
18,19,37,47,48,53
6,12,37,44,45,51
6,11,13,25,34,46
3,8,9,16,36,52
11,26,29,39,42,53
2,17,22,27,45,49
3,6,18,35,46,48
16,36,37,41,49,54
15,19,21,36,42,50
5,13,16,24,30,38
1,9,22,23,29,39
7,14,23,33,34,35
9,18,19,24,43,51
15,19,24,29,32,34
1,2,5,15,38,48
1,17,20,43,48,51
8,25,30,34,38,43
5,23,27,38,40,48
2,34,37,38,46,48
3,5,7,20,38,55
2,3,5,17,47,48
10,16,20,47,52,53
3,4,27,32,42,47
1,11,17,21,40,46
13,19,33,35,37,55
14,15,17,35,36,42
12,25,26,36,39,53
3,4,12,16,28,33
15,28,29,40,44,45
2,6,32,36,42,56
2,6,8,52,53,55
11,17,25,41,44,56
5,19,30,39,42,44
8,16,23,31,38,44
4,11,40,45,51,53
3,5,19,36,46,51
5,16,34,45,50,51
2,13,40,49,50,56
7,11,26,31,51,55
8,19,21,23,33,39
10,30,31,32,37,46
13,16,21,24,39,55
17,24,29,33,35,39
10,17,39,47,52,56
12,15,21,25,40,54
10,13,30,31,37,48
17,27,30,40,51,55
5,13,16,18,21,23
7,14,30,34,37,56
5,23,29,43,49,54
3,7,12,13,28,37
5,9,18,41,46,53
14,15,22,32,47,53
5,32,37,44,47,49
2,4,9,11,27,29
14,19,22,31,35,53
24,28,40,41,47,53
1,28,32,47,49,56
2,13,15,22,28,34
16,17,25,33,42,56
3,8,17,24,43,44
10,17,18,24,28,38
10,13,22,24,30,35
9,10,41,44,51,56
15,16,21,35,46,56
4,20,26,28,36,40
19,20,32,37,39,47
8,20,27,30,50,55
6,19,20,26,38,43
4,8,10,22,27,44
5,11,31,37,40,55
1,3,6,43,51,55
16,20,21,31,39,54
4,7,23,29,38,52
9,24,32,36,37,56
3,4,12,23,42,51
12,26,27,28,36,37
20,25,38,39,41,44
6,9,12,36,39,49
8,13,16,29,33,35
16,23,24,27,32,46
6,28,32,36,44,56
12,15,16,18,41,47
5,10,15,41,45,48
10,11,24,29,40,48
5,16,30,40,50,52
11,19,31,34,46,55
2,3,4,39,40,45
5,26,27,29,41,54
14,17,22,44,47,51
6,20,32,50,51,55
14,15,25,33,46,50
3,12,27,28,49,55
8,10,18,23,34,53
13,22,27,39,45,51
9,13,19,20,29,46
1,2,28,32,35,42
6,28,34,46,47,54
6,11,22,27,33,51
1,22,26,30,39,50
8,17,25,40,51,53
6,23,38,44,47,56
10,11,14,26,33,42
4,28,33,42,46,47
4,17,32,33,44,49
2,12,34,37,42,48
2,15,16,18,48,55
5,13,39,48,51,52
4,27,29,40,47,53
10,11,13,38,40,52
8,9,37,40,43,45
4,7,17,26,29,42
13,15,16,26,38,50
3,10,24,31,33,48
15,24,26,44,49,53
17,26,35,40,48,51
2,26,43,46,47,51
9,15,27,29,45,52
4,21,25,44,46,51
16,22,37,43,45,53
32,44,46,47,51,54
3,15,27,28,37,49
2,33,37,38,39,50
3,6,8,14,53,56
2,6,9,15,32,34
2,7,16,39,46,50
11,28,32,40,43,47
6,14,20,40,47,50
2,18,19,21,35,54
11,20,31,34,46,55
25,27,30,39,40,50
6,9,15,17,23,37
35,36,37,40,46,54
4,8,17,24,43,44
21,23,32,37,44,55
28,29,38,43,51,55
8,29,32,39,43,44
14,17,19,26,27,35
17,32,34,38,49,53
18,24,25,30,40,43
13,15,30,33,47,50
8,21,28,51,53,55
13,15,32,34,36,38
12,14,29,31,36,45
5,11,16,26,34,55
7,23,24,27,31,56
5,15,29,38,46,53
1,2,5,40,47,49
6,10,18,24,48,56
2,4,30,36,41,47
9,11,21,46,54,55
1,26,32,39,47,53
5,23,36,46,47,56
13,17,19,22,38,46
11,14,26,29,38,50
10,26,37,41,42,46
9,18,33,35,53,54
5,11,17,24,49,53
9,15,26,30,36,39
3,24,31,32,41,45
9,19,25,26,38,53
6,19,21,25,39,43
2,12,17,26,44,49
17,23,30,38,53,56
6,10,25,40,46,56
21,22,32,45,50,51
9,40,41,43,44,50
11,15,16,29,44,47
19,32,35,46,50,51
14,18,20,22,23,30
4,12,21,51,53,56
14,36,42,49,50,52
1,28,41,43,48,50
9,21,28,29,42,51
18,22,24,37,46,51
10,18,25,26,39,46
2,15,17,40,45,49
11,13,23,35,47,53
14,19,22,23,25,28
3,16,25,52,54,55
18,38,40,44,51,53
6,19,26,37,39,55
4,5,15,24,32,39
2,5,20,21,32,33
1,14,31,32,37,51
18,32,39,40,50,54
8,18,20,26,37,52
1,14,27,28,34,38
21,26,33,40,42,46
18,27,34,38,45,47
6,7,20,29,44,47
7,8,11,31,55,56
8,10,24,31,37,38
7,14,16,22,35,56
2,21,30,39,40,41
10,12,24,30,32,49
12,20,29,45,46,52
1,3,6,9,16,31
2,9,11,28,48,51
8,13,17,38,48,50
14,21,22,27,37,54
5,10,12,19,21,55
1,26,32,41,46,49
2,6,7,19,30,50
13,24,32,36,38,53
5,18,25,27,42,48
3,12,34,35,36,39
4,5,6,19,42,47
7,8,29,33,51,55
5,21,24,30,31,39
1,7,13,15,38,41
6,9,11,15,34,53
15,19,22,24,50,51
3,25,28,30,36,55
17,19,37,48,51,52
8,9,12,20,31,48
9,12,40,46,47,50
14,16,36,47,51,53
7,8,25,28,50,54
5,10,12,16,17,54
13,16,26,33,39,54
10,19,29,33,40,53
7,14,20,22,37,44
4,8,27,30,36,53
8,18,22,30,33,52
11,21,23,35,48,50
13,21,22,23,25,51
26,33,35,43,49,54
3,4,26,27,35,36
17,21,36,44,45,53
16,28,29,43,50,54
5,8,17,42,47,51
3,37,38,39,55,56
2,13,15,32,39,43
11,21,28,31,35,49
2,16,19,20,23,55
13,15,17,39,45,46
1,4,14,27,39,44
1,8,12,27,36,51
15,16,18,25,28,44
32,42,43,44,45,56
5,7,24,36,42,43
3,8,13,21,23,31
4,11,22,26,42,51
2,9,14,20,24,38
12,35,37,39,44,46
13,20,22,26,31,56
5,11,15,30,42,54
1,6,10,16,29,33
2,14,15,19,36,40
23,30,32,38,48,54
19,23,29,32,41,48
13,14,37,39,43,46
21,37,39,51,55,56
5,25,27,31,45,47
6,25,30,38,44,50
7,31,32,34,38,49
5,6,7,9,39,43
25,31,34,36,37,45
5,8,43,44,51,56
1,5,14,36,48,51
3,27,28,31,41,46
18,33,36,37,46,49
1,12,19,20,42,49
20,22,25,27,30,38
1,15,32,34,36,47
3,12,16,40,42,53
13,17,20,30,49,53
10,21,23,35,37,53
8,24,30,36,38,50
3,15,19,37,42,44
7,20,21,29,38,49
14,18,27,28,42,51
1,2,9,34,35,49
8,16,28,30,31,44
3,9,12,19,25,47
16,18,22,37,45,46
8,13,18,20,46,53
6,12,24,41,47,55
5,12,16,17,29,34
19,28,29,43,48,53
1,16,22,25,43,51
4,29,31,33,37,51
1,4,34,42,43,45
14,20,32,39,41,46
5,18,20,36,45,55
15,27,34,35,36,48
2,20,25,43,45,50
2,10,30,36,37,47
17,41,43,50,52,53
17,20,23,25,41,55
6,11,12,34,50,53
14,20,36,44,47,56
2,4,13,24,31,42
3,16,21,25,29,43
7,29,31,37,39,54
4,13,14,23,30,55
9,18,24,38,49,53
5,6,20,31,41,49
21,27,30,32,36,42
4,11,29,30,36,54
9,14,17,37,43,47
14,15,17,36,39,54
15,25,33,42,49,51
6,26,31,41,42,56
4,11,15,16,33,44
15,25,29,33,34,36
3,5,23,30,48,49
7,23,26,30,44,56
21,29,35,38,44,45
2,18,22,40,46,52
3,19,26,29,37,40
5,6,9,10,16,36
8,17,18,25,35,37
22,26,40,45,52,53
25,26,34,35,42,46
12,28,37,43,45,52
6,10,32,39,42,46
8,28,39,44,47,55
1,2,4,10,37,55
2,9,13,16,17,23
7,13,17,22,29,52
3,20,28,32,49,52
35,39,44,48,53,56
15,24,30,40,52,55
1,3,4,10,17,56
9,33,37,45,48,52
28,30,35,43,47,50
2,6,7,25,29,34
1,12,14,18,39,40
17,18,37,38,43,52
2,15,31,40,45,49
13,23,26,39,47,48
4,30,31,33,51,54
8,13,31,36,41,54
1,7,22,28,49,55
1,4,17,31,43,56
4,20,35,36,38,56
13,23,26,37,51,54
4,6,9,25,38,55
18,22,25,45,49,52
18,25,30,41,49,56
27,32,36,39,43,46
10,20,28,42,44,51
1,5,16,20,31,52
1,6,21,25,48,55
17,36,40,42,48,50
3,12,25,33,39,51
1,17,34,38,48,54
4,32,33,35,39,42
3,32,35,36,43,56
3,4,11,12,36,53
8,16,18,19,33,45
3,11,32,40,41,47
16,18,20,25,47,55
3,16,17,18,36,43
4,21,22,33,34,50
10,12,31,32,38,42
2,21,24,28,29,53
5,18,20,32,33,49
6,12,25,31,37,42
24,28,32,36,40,52
2,24,33,45,49,51
22,23,40,50,52,56
4,38,43,47,50,53
10,19,27,42,46,54
4,19,32,35,42,56
12,22,37,39,46,49
7,25,29,35,43,54
2,6,27,41,44,46
5,13,21,43,45,53
7,17,22,32,42,53
8,24,27,38,51,52
2,13,16,29,45,49
17,29,31,35,46,54
4,41,45,52,53,55
24,28,30,32,37,47
7,10,28,33,41,45
16,22,27,28,30,49
3,4,15,18,21,34
1,7,16,22,34,55
1,16,45,46,53,54
16,24,47,50,52,55
6,12,13,24,36,53
16,24,27,29,35,53
4,23,28,44,45,48
13,20,35,36,37,52
19,29,33,34,43,46
6,7,15,23,31,46
18,20,27,38,47,54
6,26,29,41,46,48
2,3,15,16,26,47
14,16,17,31,48,56
4,10,13,31,38,54
16,19,28,34,48,49
1,26,39,40,41,52
3,20,22,31,43,52
5,25,26,29,32,37
13,19,21,25,54,56
8,17,20,22,28,44
4,5,14,39,42,45
5,25,32,35,40,51
20,30,35,40,41,45
6,13,27,46,52,55
3,4,7,24,28,56
8,24,30,31,43,44
23,25,26,28,55,56
8,9,17,34,38,53
17,18,31,39,47,54
5,15,17,22,38,46
24,32,39,43,47,51
1,5,20,27,35,54
11,13,19,25,36,37
9,22,44,45,48,49
32,34,35,36,50,55
12,19,33,34,41,55
4,12,16,20,22,47
8,10,23,26,44,56
17,26,28,31,37,47
7,10,14,22,39,54
2,21,24,32,37,47
14,24,46,54,55,56
1,2,4,22,36,37
24,33,36,43,48,52
3,4,15,26,42,47
2,21,27,29,33,47
15,19,21,24,38,48
4,5,20,36,41,53
14,23,26,31,37,45
25,33,34,50,52,53
3,4,13,22,27,29
3,9,21,27,46,48
10,14,36,49,51,54
11,12,28,30,50,54
1,11,14,22,27,34
7,17,18,29,33,52
1,26,33,34,44,45
5,26,27,30,44,51
7,18,23,24,31,56
14,17,18,39,46,53
15,19,29,50,51,53
17,23,32,34,40,41
2,10,34,36,42,50
17,21,23,32,34,45
8,19,40,42,50,52
4,7,8,12,25,50
7,18,19,38,50,56
2,13,19,30,38,56
2,32,37,39,48,52
4,22,29,33,46,52
1,10,13,24,30,40
2,24,27,32,42,52
3,17,24,30,34,46
16,21,33,34,39,45
8,9,16,40,41,46
6,8,13,19,21,25
5,11,13,17,21,35
18,23,38,40,43,52
1,12,44,46,51,55
1,19,30,43,45,46
8,15,19,25,26,27
19,21,24,26,45,50
3,12,14,16,27,56
4,7,28,29,50,53
17,25,31,32,37,56
5,24,30,35,43,48
17,18,30,39,45,46
2,11,16,23,24,31
21,25,27,36,40,55
9,10,11,16,26,29
7,17,32,36,38,39
12,18,23,25,38,40
7,29,35,37,50,51
7,11,13,21,34,50
2,4,6,27,45,51
25,28,31,41,43,53
2,3,6,8,19,30
14,21,25,30,34,56
4,13,18,32,36,47
3,8,11,37,40,53
5,23,26,34,35,55
12,13,35,42,46,49
30,35,36,39,40,45
1,5,6,8,15,29
6,9,24,26,32,49
10,16,19,37,48,56
4,15,18,30,31,44
3,17,26,28,31,32
13,33,37,42,48,55
7,15,19,40,46,54
8,23,28,33,47,52
4,12,18,22,30,43
2,15,20,32,36,51
5,7,17,24,35,56
4,10,18,36,50,52
4,27,42,46,50,53
3,8,11,14,15,24
3,12,17,38,39,48
17,21,30,35,36,40
9,12,17,24,29,54
3,7,34,42,46,52
5,11,25,26,30,35
5,6,23,33,35,44
1,12,20,35,46,47
13,21,22,24,47,55
2,19,26,32,33,49
2,3,13,34,39,50
9,11,23,25,33,42
3,4,9,17,31,56
3,10,26,42,43,50
4,13,21,25,29,50
21,29,31,42,46,49
10,30,32,44,45,47
8,18,23,29,30,37
5,22,32,36,50,55
4,14,20,34,39,40
8,11,26,32,38,41
2,4,41,48,49,52
18,26,33,39,43,45
1,7,23,25,44,55
2,3,11,32,37,40
1,12,16,18,35,48
4,6,26,38,43,50
11,12,21,39,40,45
1,4,9,26,42,46
9,15,16,24,33,50
6,17,27,32,41,53
1,4,11,26,44,47
16,26,33,35,40,54
1,4,15,23,33,47
2,4,13,19,52,55
3,26,31,38,49,56
23,29,35,37,45,54
17,20,33,42,43,52
5,25,29,32,40,55
15,29,33,38,48,54
5,6,7,25,38,40
21,23,28,46,47,53
4,17,19,26,52,54
8,15,20,31,38,54
6,7,10,18,49,56
9,16,24,28,43,55
1,3,15,32,46,53
2,13,33,36,38,43
5,27,29,31,43,44
5,15,18,21,42,56
8,10,16,21,45,47
2,12,22,33,35,44
8,10,11,17,34,35
14,22,43,48,55,56
21,27,28,30,35,40
5,9,11,17,33,34
5,7,31,38,47,50
10,19,25,35,44,56
2,14,16,26,34,43
5,8,16,32,44,45
11,12,14,27,31,50
1,11,18,22,26,30
2,8,30,34,37,39
2,7,16,25,33,54
11,17,28,38,50,56
1,9,20,28,33,44
14,25,27,34,50,55
7,15,16,21,36,39
22,24,30,40,50,56
9,20,45,54,55,56
1,26,35,48,52,54
4,15,17,21,35,37
1,12,19,26,38,54
14,26,39,41,44,48
16,17,28,41,44,53
10,27,40,53,55,56
3,9,14,27,42,53
3,5,11,30,35,50
1,37,38,39,41,51
11,13,22,26,36,48
12,16,30,32,40,54
12,13,17,26,41,55
6,21,25,36,41,48
13,18,20,34,51,55
6,13,23,30,33,45
4,16,26,31,33,36
13,14,24,31,50,55
4,11,16,17,20,45
1,13,24,25,43,46
8,21,24,33,34,40
10,16,26,33,34,55
15,20,29,50,53,56
5,16,31,38,40,53
3,5,10,12,20,37
12,14,15,24,44,50
3,18,22,23,25,37
11,15,26,43,51,53
9,28,31,39,47,52
3,7,33,50,52,56
5,21,32,34,41,53
6,7,9,17,29,46
19,24,25,27,30,36
5,7,9,10,25,45
1,27,34,41,50,56
2,6,18,25,51,55
3,23,36,39,41,48
13,21,28,29,30,39
15,23,37,40,48,49
2,13,24,49,53,55
4,22,26,27,37,41
3,13,25,35,41,50
4,20,22,41,49,51
5,10,14,20,25,51
1,16,31,35,45,46
3,13,15,18,40,54
2,6,8,12,31,49
8,13,16,20,37,43
3,9,37,39,40,54
10,12,16,21,47,49
5,9,25,36,40,48
15,28,31,43,49,52
4,8,15,29,30,52
5,7,15,18,23,37
19,24,29,39,49,51
2,14,19,21,26,40
2,4,6,18,42,51
2,10,17,19,20,44
8,18,25,28,29,30
5,11,24,25,29,36
11,14,25,29,53,55
7,23,28,30,45,47
7,9,14,24,48,56
6,11,24,33,49,56
1,3,12,29,50,52
1,9,27,42,50,53
13,20,23,33,39,51
5,13,25,46,52,56
10,36,42,50,51,55
4,21,44,48,49,56
6,9,16,26,51,54
23,24,26,35,36,38
6,28,36,38,39,41
7,22,30,31,38,44
14,15,28,31,40,50
4,5,7,29,36,37
7,10,18,20,42,48
3,13,15,16,17,24
26,28,33,44,46,54
10,20,23,53,55,56
2,29,34,39,49,54
7,12,24,25,44,47
2,5,20,24,36,37
6,8,20,29,40,44
3,12,19,31,37,49
3,5,35,38,52,56
12,22,26,42,53,56
19,21,25,39,48,53
9,20,36,51,53,54
24,28,30,35,36,45
1,6,27,31,45,49
13,19,25,27,31,47
10,15,19,26,38,44
9,17,23,47,50,55
2,19,23,29,43,45
11,22,30,41,42,56
3,12,18,27,34,48
10,11,13,44,52,55
2,5,16,32,46,50
21,25,26,38,47,51
8,9,28,34,42,49
6,31,34,35,45,55
7,18,23,27,45,54
1,14,23,29,45,52
7,9,10,15,39,44
6,7,9,39,42,53
1,13,17,51,53,55
12,16,18,27,30,51
4,25,39,41,46,49
3,36,37,39,40,49
5,9,18,19,27,51
7,20,30,37,46,48
3,20,31,51,52,54
5,14,18,23,34,42
5,24,27,32,33,36
2,4,10,19,30,46
14,24,26,31,44,56
1,10,29,31,39,44
13,22,34,42,44,48
14,24,46,51,53,56
26,40,43,44,51,55
4,20,26,37,51,56
12,24,28,40,49,53
5,20,32,36,45,54
2,5,19,47,50,52
7,10,12,18,21,27
30,36,46,52,53,54
12,15,18,28,36,48
1,13,14,22,30,43
3,5,16,32,38,40
9,13,23,26,27,29
10,37,39,41,42,46
13,21,26,29,43,46
2,11,16,26,28,35
4,16,29,37,48,56
5,15,17,33,50,54
2,9,35,40,49,55
4,15,24,39,44,47
5,32,40,41,43,44
6,22,37,38,39,54
2,11,17,25,49,52
2,20,36,38,41,55
18,25,30,34,36,47
13,22,30,33,49,56
5,41,45,51,52,53
1,3,15,19,24,39
4,10,18,23,40,48
3,18,22,39,47,53
7,10,40,42,50,53
18,19,26,43,46,51
18,39,40,50,54,56
2,9,15,41,42,44
7,11,14,21,52,56
8,18,26,33,41,43
2,17,23,24,51,55
20,22,23,33,43,44
4,13,14,42,45,56
1,19,21,37,49,53
7,16,18,23,35,48
1,6,13,42,48,54
9,15,22,26,46,47
1,3,7,12,15,33
1,6,29,31,35,37
2,7,11,36,42,49
16,22,40,42,44,53
30,33,38,39,55,56
5,14,18,27,53,55
28,31,33,36,38,43
3,5,15,25,36,41
8,22,23,32,37,54
7,9,19,26,31,44
4,8,13,17,20,29
5,6,26,33,35,38
4,8,33,35,36,55
13,16,26,34,35,52
1,2,3,39,46,50
14,15,17,18,33,38
2,27,28,33,45,50
4,16,33,43,46,48
5,17,21,24,26,47
1,11,24,31,34,47
6,7,14,18,28,46
1,11,14,38,41,43
2,11,16,42,49,50
9,11,23,33,45,56
10,13,18,22,35,44
4,5,13,19,25,52
9,19,29,33,46,50
1,8,14,34,37,47
29,30,36,44,46,53
8,22,30,49,50,53
4,18,20,23,41,44
15,18,40,42,51,54
23,28,34,40,45,50
7,8,14,30,43,46
21,27,31,44,52,56
1,15,24,36,47,49
2,9,10,17,28,40
8,13,19,33,40,54
12,24,27,32,33,43
26,27,35,36,38,51
12,19,23,30,47,48
6,11,14,20,44,55
13,18,19,22,47,54
8,13,15,20,28,35
11,21,26,32,40,55
1,15,16,23,44,53
7,10,27,30,31,51
14,31,36,42,50,54
2,25,27,32,37,53
26,28,35,43,49,50
5,24,32,39,40,46
2,13,14,24,34,55
4,6,7,41,51,56
1,11,15,28,34,56
7,11,24,25,37,54
6,8,9,23,36,47
15,18,30,35,36,40
12,16,33,37,41,43
8,18,20,36,40,54
9,12,17,20,23,38
3,8,22,29,47,48
6,13,16,19,41,56
8,19,29,30,36,50
4,13,18,24,32,50
2,12,18,45,49,50
24,27,34,36,39,55
6,8,23,24,28,54
5,9,15,17,23,43
1,17,18,24,33,48
13,25,26,35,36,50
2,9,14,15,28,55
8,21,25,45,52,54
1,9,27,38,48,49
3,19,26,35,51,52
3,11,13,24,30,56
10,18,21,37,38,39
2,16,28,37,50,51
4,6,11,22,35,47
34,35,40,41,54,56
7,25,29,38,39,54
4,32,33,37,48,54
6,12,22,28,37,50
14,17,39,40,50,53
9,11,14,24,40,54
16,18,48,49,50,52
1,9,10,35,42,54
1,10,22,40,41,46
4,28,31,32,40,42
9,16,26,38,48,50
9,14,18,38,43,45
2,18,28,43,44,46
2,15,23,26,29,30
22,30,39,43,44,53
2,17,26,36,50,54
16,17,40,43,45,47
10,11,24,42,45,53
9,27,30,34,46,48
16,18,19,21,31,38
1,11,15,33,40,48
3,7,14,20,23,54
2,9,12,21,29,52
3,25,30,33,36,46
15,17,19,33,40,41
4,17,18,31,52,55
6,17,31,36,42,56
2,9,13,15,16,38
3,16,31,36,37,40
20,24,25,33,50,54
2,24,33,36,40,46
6,13,14,15,49,54
5,11,24,31,47,52
20,26,30,32,43,56
9,12,26,27,36,49
1,20,21,36,40,47
4,10,16,39,45,49
2,22,32,42,45,56
5,23,36,37,39,43
1,28,38,46,49,50
11,12,14,26,39,47
8,9,16,41,46,54
8,11,30,32,37,44
21,22,33,37,39,54
12,14,26,28,42,52
9,12,17,25,28,37
4,20,31,38,46,56
10,14,28,30,36,40
14,19,20,22,44,53
23,24,29,39,43,45
3,26,32,38,48,53
35,37,44,45,47,56
9,10,11,25,28,29
15,17,28,35,41,49
10,12,24,31,47,49
4,11,17,28,40,46
5,7,18,26,28,33
18,29,34,40,49,55
3,8,16,27,46,49
5,7,17,20,26,51
3,7,20,22,51,56
13,19,25,33,41,52
4,11,14,29,40,45
21,30,31,41,52,54
1,12,21,28,34,48
1,4,13,45,51,55
17,22,23,29,31,46
6,24,34,38,44,49
14,26,30,36,41,42
13,15,35,36,38,52
12,43,45,52,53,54
28,35,37,41,42,55
13,20,22,34,44,50
3,13,19,35,42,55
6,7,18,22,26,30
4,8,13,16,22,23
3,10,28,29,43,50
6,16,26,43,50,52
3,8,19,20,34,40
4,12,14,20,24,38
4,5,11,36,40,52
13,15,26,30,37,43
9,14,18,40,50,52
3,22,23,25,36,45
8,13,25,30,34,48
11,27,37,41,48,50
8,15,21,39,46,55
12,27,29,38,43,51
2,12,19,28,29,51
2,3,15,43,46,49
16,21,29,39,41,47
6,24,30,33,36,43
2,7,13,27,28,54
22,23,33,42,43,55
5,6,21,32,40,53
13,22,25,40,55,56
8,17,19,37,45,56
13,21,25,40,44,45
24,29,33,37,48,52
3,5,7,16,25,49
4,5,7,16,23,44
12,13,19,25,41,52
10,26,29,35,42,53
1,14,33,45,49,55
4,7,42,46,51,55
3,12,30,33,34,53
3,6,15,17,18,42
2,9,22,25,27,31
7,9,16,33,44,47
6,14,25,26,34,35
15,29,36,42,46,49
2,17,30,40,48,51
1,9,22,23,33,48
17,25,31,36,42,43
11,16,24,28,29,36
6,15,17,40,43,46
6,15,38,41,55,56
4,8,16,29,42,51
29,31,37,45,46,47
16,22,29,34,37,52
14,15,39,40,47,52
8,16,21,27,48,56
23,27,29,39,51,55
1,26,34,46,55,56
9,15,32,33,47,54
3,10,16,19,45,49
6,14,39,44,47,54
2,6,27,30,47,55
7,22,28,33,39,40
6,16,21,26,50,55
1,16,17,22,24,51
2,30,35,39,43,52
4,8,28,35,36,48
2,9,15,17,51,53
1,20,21,49,52,55
14,19,26,39,48,50
15,33,40,43,53,56
10,11,28,33,42,56
1,31,38,39,49,52
1,2,14,18,19,37
2,15,20,25,31,52
8,21,26,29,36,46
1,4,5,12,14,27
3,25,31,35,43,54
1,13,30,36,55,56
11,17,22,33,36,44
7,31,32,34,39,46
2,10,11,28,36,55
4,9,27,32,35,55
6,7,21,25,36,49
1,5,25,28,49,53
17,24,25,26,33,38
9,10,34,35,44,53
7,13,14,15,29,44
8,16,19,23,34,40
7,14,19,42,48,53
10,12,23,31,32,34
2,10,13,17,22,26
6,11,13,24,30,41
2,4,6,14,45,54
3,12,21,25,42,44
4,5,6,33,36,46
4,12,15,23,41,42
17,20,21,23,30,38
9,13,27,39,40,51
4,6,24,38,39,49
15,17,26,29,42,54
6,28,33,42,44,49
2,5,10,36,43,56
3,31,33,43,47,50
1,7,10,21,32,45
3,9,22,47,52,56
20,35,40,41,48,52
18,25,27,29,41,45
10,24,35,37,46,50
1,7,15,27,29,39
10,17,32,35,37,43
2,6,9,44,53,54
7,22,32,45,50,55
2,20,23,43,46,54
6,8,11,23,32,36
8,10,11,16,32,53
4,10,15,34,36,37
7,19,38,50,51,52
5,21,30,38,42,50
5,10,12,29,37,51
4,8,23,32,50,52
4,10,17,22,31,55
24,25,26,29,37,41
13,17,27,40,47,56
8,20,23,34,41,55
3,15,19,36,43,51
6,8,27,30,46,48
7,17,21,30,32,50
11,15,18,30,39,54
12,26,32,35,37,43
7,31,33,34,48,50
1,12,28,29,43,50
33,37,47,51,53,54
5,6,39,46,48,54
8,26,32,35,37,50
12,13,15,37,50,56
1,3,24,28,45,46
6,20,35,41,43,48
7,14,28,31,36,56
40,48,50,51,53,55
3,7,9,15,38,48
21,27,29,31,42,53
8,11,12,24,32,42
1,7,16,17,19,41
1,7,8,29,47,48
14,23,25,30,39,41
5,11,23,28,37,41
23,26,43,49,53,54
18,20,28,30,40,53
25,32,38,45,50,52
10,23,32,39,41,54
10,14,15,25,28,48
32,42,45,46,51,55
10,19,32,45,46,49
11,14,23,34,44,56
7,24,25,26,51,55
8,10,19,30,35,45
4,7,23,33,42,45
30,34,36,47,52,53
3,6,20,28,52,53
2,4,7,19,39,52
1,11,23,38,41,44
3,20,33,34,44,48
5,6,22,42,45,52
5,18,19,21,40,41
4,6,8,10,23,44
1,5,36,40,41,47
16,19,20,24,27,47
12,13,17,23,24,30
25,29,37,38,39,55
4,6,13,38,49,50
21,23,32,35,37,51
7,9,20,22,35,48
6,25,32,34,41,56
6,25,27,35,51,55
12,13,28,35,52,54
18,26,29,31,34,46
4,11,22,36,41,50
1,4,24,27,38,41
16,31,32,35,39,49
19,21,26,31,37,52
8,10,12,28,37,56
9,27,30,37,38,45
4,13,14,34,35,41
2,18,19,22,24,28
5,34,43,45,49,52
6,17,19,20,26,37
3,16,27,33,34,43
9,12,21,22,37,46
16,19,37,42,43,50
24,30,32,47,50,51
7,26,30,33,40,42
4,10,12,24,27,33
9,10,11,33,50,55
4,22,23,27,28,33
19,26,28,32,48,49
11,20,21,23,45,49
10,16,21,25,36,43
2,19,27,29,43,51
12,22,24,25,29,53
3,15,18,24,28,38
9,21,28,36,38,53
23,40,48,51,53,55
4,9,22,33,38,45
4,5,28,32,40,44
7,15,27,31,32,56
4,7,13,30,40,54
4,18,23,31,41,44
5,39,42,43,44,48
8,12,31,33,46,55
8,21,33,35,41,44
2,4,25,33,44,50
18,22,39,42,44,56
4,8,24,29,36,40
1,5,12,21,31,35
2,7,9,34,42,43
7,17,33,40,46,47
4,16,24,28,37,51
1,2,6,18,20,44
3,11,22,33,37,40
4,14,32,34,35,50
12,17,24,29,31,36
5,19,24,30,35,44
9,11,14,34,39,42
9,13,19,34,39,40
2,12,22,23,29,44
7,10,14,39,40,48
2,8,11,14,43,48
8,9,23,38,50,51
3,4,32,33,39,51
18,21,25,30,34,43
5,8,13,18,30,32
14,36,37,42,43,48
5,12,17,19,37,41
3,9,13,17,25,27
29,33,34,35,41,50
15,20,27,40,42,43
5,11,12,20,29,31
6,7,13,20,23,48
6,9,15,24,39,40
19,20,35,41,44,46
12,13,19,35,39,41
6,18,22,24,32,46
3,4,13,18,21,26
10,31,33,34,38,47
9,16,25,27,39,45
23,24,27,46,48,51
14,24,35,38,39,48
16,17,18,19,24,47
5,8,10,20,32,35
6,16,26,35,38,48
4,13,26,35,37,50
5,7,10,16,24,38
3,14,29,34,36,47
5,17,27,37,39,45
7,12,13,24,38,41
10,13,29,34,38,49
14,17,28,44,48,51
11,14,38,43,44,45
9,19,21,24,27,43
2,34,38,47,49,50
7,23,28,33,38,44
7,9,23,36,42,50
3,13,14,25,49,50
3,17,20,25,32,44
16,17,32,36,38,48
5,7,11,19,31,49
1,9,23,24,34,37
14,18,21,29,34,50
4,9,22,24,28,32
6,12,21,23,27,33
22,31,36,39,43,51
2,4,15,30,31,41
2,13,21,32,41,45
4,23,24,34,38,44
1,12,27,35,43,50
10,19,21,28,37,38
1,3,9,29,30,41
28,34,38,42,46,47
3,20,22,23,40,41
1,22,26,33,47,51
9,17,45,46,48,49
18,28,39,41,45,46
16,19,32,37,44,49
6,8,17,23,26,47
1,3,6,13,26,34
9,12,26,28,35,42
3,7,30,39,42,50
4,30,35,45,50,51
2,23,41,43,44,49
7,9,19,29,34,40
1,21,28,35,43,46
5,24,33,35,45,49
7,10,12,16,20,35
9,12,15,18,21,44
6,9,22,31,33,38
10,18,23,26,31,39
9,13,15,32,41,50
16,20,21,27,29,39
8,15,21,25,26,43
1,20,28,35,42,44
8,22,26,28,31,48
4,13,15,19,29,41
25,33,36,40,43,51
4,5,12,23,27,39
1,12,18,24,26,38
4,6,7,8,9,21
4,6,24,31,32,43
10,14,22,26,33,36
27,30,34,44,48,51
3,4,10,15,35,46
3,13,18,24,26,50
1,8,17,27,28,50
4,10,13,20,32,38
5,11,17,22,42,50
1,3,7,29,35,37
2,12,13,14,26,38
10,26,28,29,37,38
2,17,33,38,42,50
4,8,22,38,40,44
7,10,13,25,31,45
2,8,13,39,49,50
10,22,24,43,45,47
4,8,10,16,43,46
7,10,12,27,42,43
22,36,37,43,48,50
1,10,11,19,29,41
1,5,26,36,43,49
13,31,32,38,42,44
7,8,13,26,32,36
1,19,20,34,41,51
10,16,20,22,23,35
3,5,9,26,39,40
1,2,6,32,43,45
12,20,22,23,35,40
2,3,15,24,31,38
2,9,10,21,38,39
1,15,16,26,39,50
5,11,14,38,40,41
4,8,28,43,45,49
1,16,42,46,47,51
3,9,10,15,34,43
6,16,19,23,27,49
8,12,13,33,34,35
3,5,15,30,45,49
7,8,23,26,27,36
16,19,24,31,33,46
9,15,21,23,31,34
2,11,19,34,50,51
3,7,9,24,32,49
1,6,43,45,49,51
8,16,18,20,39,51
1,22,27,30,36,48
4,10,17,25,33,40
12,24,25,29,40,43
4,16,23,26,32,51
1,5,15,29,43,44
11,19,21,25,29,36
12,13,19,34,46,51
11,25,27,39,43,50
8,36,37,42,43,46
18,27,30,39,40,51
5,23,30,38,42,45
7,11,14,47,49,50
27,31,43,46,48,49
7,9,11,16,32,43
14,22,34,35,36,44
1,27,33,36,41,49
4,18,31,37,50,51
2,5,19,20,28,51
3,8,16,26,36,45
13,22,35,41,44,49
11,16,20,31,48,49
3,5,9,37,47,48
5,6,18,25,37,49
3,14,21,28,40,47
5,9,34,37,42,48
9,15,30,37,46,50
9,11,13,19,35,47
2,17,26,34,35,49
9,21,22,47,49,50
3,9,12,32,47,49
3,19,20,23,38,40
2,3,14,19,24,37
4,21,23,24,39,49
14,17,30,33,47,49
4,7,11,37,38,49
1,7,17,18,23,31
9,19,25,30,34,43
13,14,19,22,23,51
6,8,28,32,36,38
7,18,29,42,46,50
3,17,23,27,37,51
6,7,21,24,33,43
3,18,26,31,41,43
10,13,16,21,39,42
3,7,11,17,20,25
1,16,23,27,30,42
1,15,17,32,36,48
5,26,28,30,40,43
1,21,22,30,46,48
4,13,26,34,37,42
1,11,15,20,31,42
2,6,16,20,22,34
1,10,19,22,26,51
7,10,21,28,37,39
7,17,27,30,35,50
2,10,17,24,36,41
15,19,20,31,41,47
9,10,11,18,31,35
7,8,12,19,24,48
9,10,30,34,40,51
2,13,22,28,34,40
2,4,13,29,33,37
5,9,14,15,26,44
2,13,17,38,44,46
13,16,21,37,40,46
6,33,36,41,47,50
3,16,23,28,40,51
4,8,14,17,30,33
24,26,27,29,34,50
11,28,32,34,39,42
1,11,20,21,23,49
7,12,15,18,35,45
10,12,30,35,44,45
17,24,33,35,38,44
2,9,22,28,33,40
1,5,7,10,16,19
2,9,21,28,37,45
4,6,25,31,38,46
7,10,16,18,19,23
10,16,17,33,39,41
2,18,23,27,32,38
20,32,33,42,43,44
1,10,11,18,42,44
1,9,11,18,45,46
7,9,16,29,35,42
9,10,24,37,42,46
9,25,37,43,45,46
13,23,35,36,42,43
3,20,27,30,32,37
25,26,27,34,43,45
5,10,18,20,33,42
1,8,10,15,37,41
3,12,32,40,45,46
4,15,22,31,33,39
4,6,7,23,28,34
3,26,29,30,32,41
1,8,9,16,21,29
2,7,8,36,41,43
7,19,21,22,37,40
6,19,29,32,42,47
1,2,17,23,34,41
8,11,13,15,17,34
16,20,24,28,43,44
10,19,21,29,41,45
23,26,27,28,30,38
11,13,14,32,37,43
4,6,9,17,36,39
16,19,29,30,38,44
17,20,29,32,37,46
9,10,20,23,37,43
14,30,34,36,41,43
2,13,16,20,24,46
2,10,15,20,31,46
4,7,15,30,34,45
14,18,26,42,43,47
4,11,12,19,38,41
4,16,29,34,42,43
3,13,19,25,31,36
1,2,3,11,16,29
5,8,15,25,35,37
7,8,17,32,33,38
3,15,33,39,44,45
6,22,34,35,42,43
6,7,9,17,18,44
11,18,19,22,40,47
8,12,25,42,45,47
4,17,30,35,36,45
7,9,12,35,39,44
2,12,13,33,45,46
10,15,20,24,35,44
1,11,16,25,30,31
2,11,19,25,28,36
10,14,21,22,42,44
18,29,32,40,42,43
2,4,9,18,23,37
4,10,14,36,45,47
1,5,21,28,43,46
5,6,11,16,34,38
12,13,37,39,41,47
4,6,28,33,38,44
23,25,36,38,43,47
3,10,14,23,26,37
5,11,27,38,39,44
3,7,11,14,21,24
3,5,16,36,40,47
5,21,30,35,40,47
3,11,23,31,32,47
4,14,17,24,46,47
27,29,31,32,34,43
19,25,31,37,43,44
1,15,27,29,34,35
4,9,15,18,40,45
11,29,33,36,39,45
19,28,32,36,37,39
13,20,22,28,29,34
4,14,15,23,37,44
9,10,13,15,25,27
4,5,8,34,43,45
17,19,33,34,39,43
2,4,21,26,36,45
2,5,9,27,34,41
10,17,38,43,45,47
2,8,9,25,39,42
8,16,22,25,28,47
8,9,17,19,23,47
6,17,23,25,29,40
1,8,9,23,39,42
8,12,26,32,39,45
2,5,7,23,28,46
7,8,16,20,24,38
9,11,14,17,19,21
7,14,20,37,40,46
2,9,18,25,28,42
2,15,26,34,37,42
2,3,35,39,40,47
13,14,17,20,25,47
7,11,13,16,31,34
2,3,21,24,26,28
11,12,18,20,30,32
14,16,21,27,42,45
1,12,15,36,41,45
4,7,26,30,33,36
19,21,24,36,41,46
1,11,13,22,27,28
5,7,12,13,16,29
1,6,13,15,44,47
7,13,16,19,20,46
14,20,24,28,30,45
9,29,32,37,39,42
8,15,28,36,39,41
2,10,19,32,34,37
12,23,27,30,40,41
12,15,41,43,45,46
6,10,17,30,37,46
1,8,28,32,35,43
6,9,11,13,33,36
2,9,16,31,32,44
7,10,11,28,38,45
2,10,20,32,33,38
4,5,12,14,22,31
11,16,25,30,31,36
1,7,9,29,37,45
3,17,21,24,32,42
3,21,22,26,31,37
22,23,26,29,30,35
1,7,8,25,35,39
1,13,14,26,33,42
13,16,19,23,28,31
2,6,9,18,19,35
1,2,4,12,14,34
1,7,21,25,36,46
2,4,13,23,28,40
5,18,20,22,24,31
4,11,24,29,30,40
4,11,13,14,26,47
6,8,9,31,35,37
9,11,13,24,37,47
3,14,24,26,28,46
10,14,31,32,38,45
7,29,36,37,39,46
2,8,24,35,43,46
5,15,29,33,39,44
6,18,29,30,37,41
7,9,13,26,32,39
10,11,15,17,30,47
3,11,27,33,45,47
4,10,13,14,27,30
1,3,11,13,14,43
9,10,24,32,33,40
15,17,23,33,34,38
4,6,7,18,39,47
2,5,19,21,24,33
2,7,9,10,21,45
2,27,29,36,37,42
1,2,22,34,39,40
4,29,33,35,39,43
3,7,13,14,16,30
8,14,21,28,40,41
5,7,12,18,25,46
1,4,5,13,20,26
10,11,16,18,20,37
7,9,27,30,35,44
1,20,21,25,37,44
8,12,39,41,43,47
5,11,22,23,31,36
2,9,14,32,36,47
16,21,22,34,37,45
2,5,24,25,30,40
10,17,25,35,46,47
5,9,11,13,22,24
15,34,39,43,44,46
10,22,24,28,36,42
2,10,17,35,46,47
19,21,27,28,31,47
1,11,14,25,26,46
22,36,37,40,41,44
15,17,20,21,30,38
6,18,20,28,30,42
16,17,18,24,29,35
3,27,32,33,39,44
2,20,24,26,28,41
10,16,31,42,44,46
10,17,24,38,39,41
5,9,37,39,40,47
4,9,19,22,31,35
4,10,12,17,32,43
1,28,33,36,40,42
3,19,21,22,24,33
3,7,11,20,31,35
5,24,27,32,34,37
4,5,10,12,16,43
3,6,9,14,29,42
2,5,8,9,15,34
2,16,19,30,31,35
10,14,16,24,32,38
6,14,18,19,28,37
8,12,24,30,38,45
5,9,11,19,22,43
2,5,9,12,20,34
2,7,24,26,43,47
4,8,11,24,28,46
1,2,20,26,29,34
5,10,25,35,37,38
13,16,31,37,39,45
7,12,15,16,44,47
2,16,31,33,37,42
1,4,8,11,18,36
7,20,32,35,36,41
3,22,30,33,35,45
7,11,14,20,27,41
1,3,15,17,19,30
5,26,31,39,42,45
4,8,13,14,22,39
11,17,24,28,43,46
3,6,15,25,35,39
2,4,13,29,33,44
5,6,11,40,46,47
4,28,30,32,34,44
10,11,16,32,42,43
19,23,24,30,35,39
1,16,29,31,33,42
2,6,18,33,37,41
9,24,30,34,41,45
8,13,20,37,39,41
2,4,19,27,36,42
2,17,20,21,32,39
8,16,18,30,31,39
12,26,30,33,35,46
12,32,34,36,38,40
5,18,25,28,29,32
10,15,21,34,38,39
3,8,13,31,37,44
2,9,27,36,41,45
3,14,25,30,32,34
3,4,20,25,34,39
3,9,17,18,30,31
15,18,35,38,39,42
6,14,18,20,42,43
6,11,17,33,43,47
12,18,19,25,30,35
2,4,13,22,43,46
11,16,25,33,40,43
3,13,17,32,36,40
1,3,9,18,33,42
1,10,16,26,32,41
3,8,15,16,26,43
13,19,24,32,37,42
1,9,36,37,42,45
12,17,20,23,30,43
1,20,25,28,41,46
4,19,24,27,31,37
9,12,15,22,25,26
2,7,8,11,15,46
9,23,27,30,32,35
8,9,11,28,31,32
4,8,13,23,24,38
15,17,21,25,28,29
4,18,27,34,36,41
9,25,27,36,39,43
11,14,20,24,33,42
6,16,33,35,46,47
1,13,16,17,42,44
5,19,21,31,35,41
9,13,17,25,34,46
3,11,12,16,19,35
11,13,18,20,34,44
2,5,25,35,42,44
11,14,27,30,37,39
3,12,15,20,30,36
1,7,18,20,30,43
2,10,14,42,44,45
3,8,10,30,36,37
11,14,18,27,36,41
2,3,19,24,31,34
16,17,37,38,39,46
10,18,26,30,37,44
6,7,15,18,34,42
1,8,15,27,31,45
1,2,7,10,20,28
4,10,20,21,25,41
16,22,24,27,35,36
14,17,39,42,43,47
1,8,11,21,24,28
1,7,21,26,30,33
14,19,31,40,46,47
2,27,28,33,38,45
1,14,15,16,17,31
2,13,21,22,40,47
1,8,25,32,36,43
4,18,20,31,35,38
2,17,30,39,43,44
15,18,19,24,31,42
5,15,34,41,45,46
6,11,26,29,33,38
3,13,14,15,40,43
4,6,8,16,30,42
2,10,30,38,42,46
13,20,23,32,38,46
5,6,19,20,34,45
6,11,26,30,33,44
11,14,16,24,28,34
1,6,19,21,43,45
4,9,20,28,34,36
6,12,13,34,37,43
7,19,21,28,41,46
10,19,21,33,40,43
3,8,13,27,38,42
13,14,26,28,41,47
2,6,7,30,37,47
11,13,18,21,30,45
1,5,8,11,16,24
22,24,28,30,38,41
4,17,19,22,29,41
7,8,22,28,35,43
2,24,28,29,33,47
8,10,26,27,28,35
6,10,13,34,39,44
11,14,21,25,26,36
14,23,25,26,36,39
9,16,20,21,41,46
6,23,24,30,40,45
1,7,10,21,44,46
15,17,18,20,34,38
14,16,17,18,20,37
5,19,26,30,36,38
11,16,26,30,37,39
7,8,24,25,29,32
7,14,30,32,40,42
13,16,25,34,38,44
11,23,25,29,34,38
7,17,18,32,34,39
1,3,5,10,14,26
2,10,21,22,36,40
3,5,16,17,21,39
4,12,16,20,24,42
7,11,14,22,29,43
11,14,17,29,32,39
6,10,15,19,25,30
11,15,21,26,27,32
7,18,23,33,37,41
2,5,14,20,24,36
7,28,30,34,36,41
8,10,14,15,25,34
9,23,25,33,37,42
3,13,21,22,40,43
1,8,9,10,19,23
4,7,17,19,38,43
2,35,40,42,43,44
6,11,13,14,29,39
2,5,30,31,34,41
1,24,32,34,35,43
3,4,12,23,29,32
2,8,23,30,33,42
5,7,10,14,24,34
6,24,28,32,36,39
12,18,20,33,35,41
4,6,24,26,31,44
8,11,13,16,22,25
5,20,21,26,37,40
7,8,9,13,22,42
4,13,23,34,37,38
1,20,25,26,33,34
1,4,11,21,24,26
9,23,28,29,31,33
3,7,13,20,34,38
5,9,21,24,31,32
2,4,14,21,22,43
2,11,19,33,41,42
10,23,30,33,35,40
4,10,12,38,40,41
4,12,19,27,35,39
8,24,27,30,37,38
4,18,23,25,39,40
7,10,16,17,28,32
13,14,21,30,41,42
12,13,17,24,29,40
1,5,6,27,34,43
6,11,12,31,33,42
9,16,22,23,27,37
11,14,27,34,35,40
2,11,23,37,38,44
9,10,21,29,31,35
13,16,24,31,36,37
2,14,21,37,38,39
13,26,29,30,34,37
11,14,15,29,39,43
12,20,22,24,29,43
5,7,9,30,31,37
3,18,21,23,25,35
2,17,27,28,35,38
14,30,36,39,41,42
15,20,25,27,35,37
6,7,8,21,36,44
1,10,18,26,27,39
2,8,9,19,25,37
17,29,30,36,41,42
21,22,30,35,36,43
3,19,24,32,33,44
8,9,10,28,31,33
2,9,13,24,28,29
12,16,17,25,26,31
10,13,15,17,24,35
3,11,13,14,39,43
5,7,11,15,21,39
1,4,10,32,33,44
6,7,25,29,33,40
9,23,32,39,42,43
2,3,6,30,32,38
11,12,19,20,26,29
10,14,21,28,41,44
11,21,30,39,40,42
3,6,7,19,23,29
16,32,36,40,41,42
4,7,19,20,26,30
15,18,20,23,29,39
16,20,24,28,36,44
3,11,15,16,22,29
4,7,16,27,29,32
1,18,19,30,32,43
6,20,22,24,41,42
3,12,27,32,35,41
13,30,33,35,37,41
3,17,25,36,38,44
7,16,17,24,34,42
5,10,16,24,28,34
6,22,23,27,38,42
4,15,19,33,39,42
18,19,25,37,42,44
6,7,20,23,32,41
4,14,23,24,33,37
17,18,33,34,38,44
3,22,28,29,30,44
6,11,12,13,20,39
2,6,8,17,26,29
10,19,27,29,37,40
2,18,27,28,31,43
2,11,12,13,21,42
5,8,11,21,22,30
15,16,25,30,32,38
2,9,11,32,39,42
1,4,12,23,27,37
10,13,23,27,31,44
5,10,14,24,26,37
5,9,23,24,39,43
2,11,17,18,42,44
5,20,31,35,37,42
5,11,15,17,32,39
5,7,11,18,21,35
12,20,21,34,37,43
1,2,5,10,19,24
4,6,16,32,35,38
4,5,29,31,32,40
7,15,17,18,34,41
2,21,22,29,38,43
7,8,10,21,26,30
6,18,21,22,35,43
1,21,25,33,36,38
1,8,16,25,28,43
21,23,28,35,41,42
4,9,22,32,34,44
10,18,19,20,21,33
3,7,17,23,28,30
7,14,23,29,32,34
2,3,15,21,23,42
3,7,12,17,25,27
24,25,28,30,33,44
3,25,34,36,39,40
10,14,17,26,34,42
3,10,15,26,43,44
3,9,10,23,39,41
2,12,16,25,42,44
6,16,27,30,36,39
1,7,19,20,27,35
2,20,25,28,38,42
12,20,28,40,43,44
5,10,17,18,35,41
1,6,19,35,39,42
8,12,16,26,28,38
7,10,29,30,32,43
2,3,9,10,16,20
8,11,16,18,36,43
2,4,15,23,39,44
4,13,14,22,32,39
6,12,27,30,36,41
12,13,15,28,33,35
3,9,16,37,41,44
5,17,18,19,40,42
3,4,9,20,23,30
1,3,22,27,31,32
14,26,30,31,34,38
4,6,10,12,28,35
4,10,17,28,38,42
6,9,10,19,33,40
6,13,15,23,27,42
5,8,15,24,26,41
3,16,22,29,39,42
20,21,27,29,39,43
11,19,30,31,32,38
1,10,16,29,30,40
3,10,28,31,33,40
1,2,10,19,29,42
4,5,6,26,31,35
11,12,15,24,32,41
3,10,12,15,25,44
1,12,13,31,32,38
3,14,18,27,28,36
9,11,14,16,32,40
2,6,11,19,20,43
3,6,20,26,28,32
6,22,23,29,34,36
20,24,27,32,35,38
12,17,19,22,25,28
2,6,19,26,35,38
2,12,21,23,34,44
3,4,12,17,19,33
6,13,19,20,39,42
1,13,28,29,32,42
2,12,24,25,27,29
3,12,17,32,34,38
5,9,28,33,34,39
27,28,31,33,34,38
8,9,12,27,32,41
2,3,24,40,42,43
11,12,14,23,29,39
1,10,23,26,30,37
11,13,25,27,30,40
2,9,13,22,34,37
7,15,17,21,26,33
1,2,10,16,35,41
6,20,21,32,35,37
9,12,17,18,23,42
2,9,10,14,27,35
8,10,39,41,43,44
3,19,21,29,37,44
5,10,13,20,36,43
6,8,15,29,33,38
15,16,23,25,26,32
2,5,24,33,34,38
13,18,27,28,37,41
7,14,24,26,31,40
3,8,23,24,33,35
5,9,10,14,37,38
1,3,4,22,31,43
13,23,26,30,32,37
10,12,19,23,24,39
1,7,11,16,19,34
2,9,11,15,22,43
9,17,20,21,31,43
17,19,28,29,35,43
3,20,22,23,31,40
1,7,17,23,30,38
3,12,15,23,30,31
9,10,14,18,30,41
21,23,26,28,35,37
2,16,37,39,40,43
5,14,15,26,31,37
3,14,17,22,27,44
1,3,31,34,36,41
5,10,18,35,37,43
1,2,10,18,29,43
10,13,16,27,33,36
16,20,22,26,27,35
1,10,14,22,24,36
5,6,18,25,27,40
21,29,30,38,40,41
1,3,5,10,15,31
2,8,23,25,31,41
2,17,18,30,34,35
2,12,25,26,37,38
6,22,31,34,35,42
13,18,29,39,40,42
3,11,22,24,27,43
7,10,32,35,36,44
6,13,15,21,29,31
11,13,17,19,28,33
5,10,18,31,43,44
6,8,10,20,23,39
16,21,22,30,41,44
19,24,28,31,39,41
2,13,25,27,33,38
10,28,29,30,38,42
5,18,20,22,26,42
3,7,13,19,42,44
12,13,22,31,38,39
7,15,26,29,34,41
2,3,4,23,29,31
2,7,10,25,38,42
3,14,15,20,27,33
3,15,17,22,27,31
5,7,14,16,26,28
1,2,15,21,30,42
4,6,8,34,42,43
5,6,17,23,35,41
2,9,14,17,37,38
3,14,20,22,32,41
22,24,26,29,32,44
17,18,19,23,27,42
12,21,22,34,40,41
14,23,29,33,35,42
1,16,23,25,31,35
6,18,20,21,40,43
2,3,13,27,31,37
3,8,9,15,16,44
18,20,29,36,37,42
8,12,26,28,32,34
4,24,27,29,31,34
1,12,16,27,29,31
1,2,8,11,12,41
2,6,9,14,15,27
8,10,12,13,14,23
10,14,22,24,30,44
11,24,25,31,34,35
2,16,25,31,32,44
5,6,15,19,32,39
11,12,13,33,34,43
4,5,16,29,35,42
4,21,28,31,41,43
12,15,18,22,32,34
2,8,26,29,34,41
2,9,26,31,36,42
13,22,23,29,37,43
8,13,15,26,31,34
5,17,27,34,39,43
3,10,16,17,37,41
5,22,26,30,36,44
4,5,11,20,24,37
3,18,24,29,36,38
4,11,16,21,31,40
7,20,21,26,39,42
4,11,13,14,33,41
3,15,30,31,34,41
24,26,30,34,38,43
3,8,14,15,40,44
15,19,21,23,27,30
3,11,12,19,41,44
1,4,9,18,21,27
2,12,13,22,29,35
15,17,22,27,31,33
1,20,25,29,34,39
2,5,8,11,22,28
2,5,7,28,39,44
4,10,12,19,26,35
7,18,32,37,40,41
3,8,18,34,37,42
3,19,22,25,31,34
2,17,25,26,27,42
6,9,13,26,35,37
6,7,8,11,15,44
4,20,21,32,37,39
4,5,11,14,18,43
6,12,13,17,22,32
7,8,14,18,35,36
15,18,19,38,39,43
12,14,27,31,34,44
10,18,20,32,35,38
5,8,15,20,21,39
12,17,22,29,34,36
15,16,19,22,25,28
1,6,11,24,35,40
5,9,21,28,33,44
5,17,22,26,29,30
4,19,27,32,33,43
9,18,23,25,29,31
1,12,13,19,25,32
16,18,28,30,31,39
13,17,30,31,34,41
11,12,14,26,34,38
2,13,26,37,38,42
3,18,21,23,29,41
4,25,27,34,36,41
2,5,12,26,28,39
3,14,17,24,30,41
5,14,15,25,26,34
3,6,23,28,30,42
5,25,30,34,39,44
5,9,17,18,29,42
1,5,6,15,35,42
7,10,17,21,37,43
5,7,16,31,32,36
5,14,15,23,31,44
13,24,30,34,36,41
6,11,14,21,23,27
3,18,21,29,37,39
2,10,15,30,42,44
12,19,20,24,30,34
4,8,27,31,32,35
17,21,25,28,31,34
6,25,28,30,35,42
3,18,23,31,34,38
5,7,12,13,32,43
21,23,25,29,33,44
10,15,21,25,29,39
6,12,18,20,25,32
3,19,37,39,40,43
7,33,35,40,42,44
6,8,18,24,32,39
2,5,18,26,30,31
3,6,7,8,17,43
10,11,18,21,27,32
2,3,17,18,27,29
6,11,17,18,30,43
6,9,10,13,22,35
3,12,13,18,25,41
1,16,28,31,36,43
8,9,12,13,22,24
19,21,26,30,43,44
1,15,17,24,33,36
6,11,15,17,22,42
3,10,29,35,41,42
13,30,34,39,41,44
11,16,32,38,39,44
3,17,20,25,35,37
8,14,29,33,38,43
19,21,24,30,34,41
10,18,27,28,40,42
1,2,6,10,19,23
8,12,14,18,41,44
13,16,25,28,31,42
4,6,10,13,31,32
1,9,14,17,21,33
1,10,25,32,36,39
13,17,21,22,30,37
1,19,29,33,36,40
1,16,21,31,33,40
9,15,18,19,23,44
5,10,19,21,36,38
17,27,29,33,37,38
17,24,26,29,38,41
2,8,15,16,19,33
19,23,26,28,36,39
4,11,29,30,37,41
11,13,23,25,33,38
2,14,27,40,43,44
3,11,12,22,23,34
16,20,26,30,31,36
6,12,16,20,41,43
4,8,12,13,39,43
2,19,23,35,36,40
4,22,26,29,41,44
1,9,10,18,25,33
9,16,19,24,26,43
5,8,17,18,35,44
1,2,7,23,25,35
1,6,24,26,33,37
11,18,22,27,30,44
2,9,13,37,41,43
3,4,10,19,28,41
8,9,22,26,34,37
10,28,34,35,36,41
13,22,26,35,37,42
5,16,24,28,35,41
3,21,26,33,38,41
1,3,5,7,33,38
6,9,20,28,36,43
10,15,23,25,31,40
1,28,30,40,41,43
9,17,29,35,38,40
8,12,23,24,40,42
4,15,24,29,30,39
6,16,17,26,28,34
2,6,22,29,32,40
8,12,23,24,29,39
2,4,8,27,32,33
1,7,8,14,20,26
10,28,38,41,42,43
13,18,21,27,38,43
1,22,25,33,36,37
7,12,38,39,41,42
5,6,21,23,40,44
3,15,18,23,33,38
2,10,18,27,34,36
3,11,22,23,34,41
5,11,18,30,32,35
1,13,20,30,36,42
9,22,23,25,32,44
1,7,12,14,29,37
2,5,10,17,22,26
5,9,22,30,35,37
11,21,34,39,42,44
6,19,32,33,36,37
4,7,15,23,28,32
6,20,21,25,28,41
14,16,21,23,31,43
4,30,31,32,36,42
8,10,18,20,23,36
9,11,16,17,18,43
12,17,19,22,30,44
5,11,21,26,27,31
5,6,7,22,33,38
15,17,22,27,29,39
18,23,28,36,37,40
2,18,24,33,38,42
13,21,23,25,32,37
2,9,10,17,33,39
3,4,9,12,30,40
8,16,20,30,35,40
5,27,31,38,42,44
12,15,25,30,36,38
2,3,12,16,21,25
6,10,15,20,26,28
1,15,19,29,39,40
12,13,14,31,34,41
12,18,20,21,29,41
2,3,6,17,40,41
7,12,30,34,36,43
7,9,11,17,32,44
1,2,6,19,29,43
3,18,22,40,42,43
7,14,19,20,27,39
1,14,37,38,40,42
2,8,11,26,43,44
5,12,15,18,24,37
3,7,13,20,37,38
13,14,26,38,43,44
2,9,12,14,23,36
8,11,26,32,41,44
3,6,8,21,22,28
9,18,21,29,39,43
3,6,9,11,13,28
1,6,13,18,22,39
13,16,17,18,21,24
12,21,22,28,29,43
3,17,19,21,30,34
13,14,19,25,26,40
7,17,26,28,36,43
17,23,30,32,40,41
3,5,8,9,32,39
7,16,18,21,29,36
11,20,22,29,39,42
2,24,28,29,31,34
1,9,23,26,29,36
1,12,14,32,34,37
7,26,27,30,33,44
8,9,17,24,40,42
5,11,22,31,34,43
11,22,25,26,31,38
1,7,33,38,42,43
2,8,11,18,20,27
10,11,12,21,27,29
15,19,29,32,42,44
16,19,24,26,27,36
7,12,14,16,19,26
1,12,14,28,39,43
4,11,12,13,17,34
3,4,8,12,15,31
3,11,17,21,37,44
8,17,20,21,28,44
1,14,18,33,35,40
7,15,33,34,35,39
1,5,9,12,35,39
3,5,19,25,28,36
13,22,23,24,27,38
16,27,31,35,38,40
1,5,26,31,34,43
15,17,22,30,31,42
5,10,16,20,31,33
8,11,14,19,21,34
1,13,28,29,36,42
4,10,15,18,26,39
4,12,15,19,20,34
2,12,25,29,33,42
